,,,,,,,,,,,,,,,,,,,,,,,,,,,,,,,,,,,,,,,,,
FIRST,FOLLOW,Nonterminal,(,),;,",",=,[,],intliteral,{,},void,boolean,int,float,id,if,else,for,while,break,continue,return,||,&&,==,!=,<,<=,>,>=,#ERROR!,-,*,/,!,floatliteral,boolliteral,stringliteral,$
"{'',void,boolean,int,float}",{$},PROGRAM,,,,,,,,,,,PROGRAM -> TYPE IDENTIFIER DECL PROGRAM,PROGRAM -> TYPE IDENTIFIER DECL PROGRAM,PROGRAM -> TYPE IDENTIFIER DECL PROGRAM,PROGRAM -> TYPE IDENTIFIER DECL PROGRAM,,,,,,,,,,,,,,,,,,,,,,,,,PROGRAM -> ''
"{(,[,'',=,,,;}","{$,void,boolean,int,float}",DECL,DECL -> ( PARALIST ) COMPOUNDSTMT,,DECL -> DECLARATOR INITDECLARATOR INITDECLARATORLIST ;,DECL -> DECLARATOR INITDECLARATOR INITDECLARATORLIST ;,DECL -> DECLARATOR INITDECLARATOR INITDECLARATORLIST ;,DECL -> DECLARATOR INITDECLARATOR INITDECLARATORLIST ;,,,,,DECL -> DECLARATOR INITDECLARATOR INITDECLARATORLIST ;,DECL -> DECLARATOR INITDECLARATOR INITDECLARATORLIST ;,DECL -> DECLARATOR INITDECLARATOR INITDECLARATORLIST ;,DECL -> DECLARATOR INITDECLARATOR INITDECLARATORLIST ;,,,,,,,,,,,,,,,,,,,,,,,,,DECL -> DECLARATOR INITDECLARATOR INITDECLARATORLIST ;
"{,,''}",{;},INITDECLARATORLIST,,,INITDECLARATORLIST -> '',"INITDECLARATORLIST -> , IDENTIFIER DECLARATOR INITDECLARATOR INITDECLARATORLIST",,,,,,,,,,,,,,,,,,,,,,,,,,,,,,,,,,,
"{=,''}","{,,$,void,boolean,int,float,;,{,if,for,while,break,continue,return,+,-,!,id,(,intliteral,floatliteral,boolliteral,stringliteral,},else}",INITDECLARATOR,INITDECLARATOR -> '',,INITDECLARATOR -> '',INITDECLARATOR -> '',INITDECLARATOR -> = INITIALISER,,,INITDECLARATOR -> '',INITDECLARATOR -> '',INITDECLARATOR -> '',INITDECLARATOR -> '',INITDECLARATOR -> '',INITDECLARATOR -> '',INITDECLARATOR -> '',INITDECLARATOR -> '',INITDECLARATOR -> '',INITDECLARATOR -> '',INITDECLARATOR -> '',INITDECLARATOR -> '',INITDECLARATOR -> '',INITDECLARATOR -> '',INITDECLARATOR -> '',,,,,,,,,INITDECLARATOR -> '',INITDECLARATOR -> '',,,INITDECLARATOR -> '',INITDECLARATOR -> '',INITDECLARATOR -> '',INITDECLARATOR -> '',INITDECLARATOR -> ''
"{[,''}","{=,$,void,boolean,int,float,,,;,],{,if,for,while,break,continue,return,+,-,!,id,(,intliteral,floatliteral,boolliteral,stringliteral,},),else}",DECLARATOR,DECLARATOR -> '',DECLARATOR -> '',DECLARATOR -> '',DECLARATOR -> '',DECLARATOR -> '',DECLARATOR -> [ DECLARATOR ],DECLARATOR -> '',DECLARATOR -> '',DECLARATOR -> '',DECLARATOR -> '',DECLARATOR -> '',DECLARATOR -> '',DECLARATOR -> '',DECLARATOR -> '',DECLARATOR -> '',DECLARATOR -> '',DECLARATOR -> '',DECLARATOR -> '',DECLARATOR -> '',DECLARATOR -> '',DECLARATOR -> '',DECLARATOR -> '',,,,,,,,,DECLARATOR -> '',DECLARATOR -> '',,,DECLARATOR -> '',DECLARATOR -> '',DECLARATOR -> '',DECLARATOR -> '',DECLARATOR -> ''
"{intliteral,''}",{undefined},SUBDECLARATOR,,,,,,,,SUBDECLARATOR -> intliteral,,,,,,,,,,,,,,,,,,,,,,,,,,,,,,,
"{{,+,-,!,id,(,intliteral,floatliteral,boolliteral,stringliteral}","{,,$,void,boolean,int,float,;,{,if,for,while,break,continue,return,+,-,!,id,(,intliteral,floatliteral,boolliteral,stringliteral,},else}",INITIALISER,INITIALISER -> EXPR,,,,,,,INITIALISER -> EXPR,INITIALISER -> { EXPR SUBINITIALISER },,,,,,INITIALISER -> EXPR,,,,,,,,,,,,,,,,INITIALISER -> EXPR,INITIALISER -> EXPR,,,INITIALISER -> EXPR,INITIALISER -> EXPR,INITIALISER -> EXPR,INITIALISER -> EXPR,
"{,,''}",{}},SUBINITIALISER,,,,"SUBINITIALISER -> , EXPR SUBINITIALISER",,,,,,SUBINITIALISER -> '',,,,,,,,,,,,,,,,,,,,,,,,,,,,,
"{void,boolean,int,float}","{id,[,,,)}",TYPE,,,,,,,,,,,TYPE -> void,TYPE -> boolean,TYPE -> int,TYPE -> float,,,,,,,,,,,,,,,,,,,,,,,,,
{id},"{(,[,$,=,,,;,void,boolean,int,float,{,if,for,while,break,continue,return,+,-,!,id,intliteral,floatliteral,boolliteral,stringliteral,},*,/,<,<=,>,>=,==,!=,&&,||,),],else}",IDENTIFIER,,,,,,,,,,,,,,,IDENTIFIER -> id,,,,,,,,,,,,,,,,,,,,,,,,
{{},"{$,void,boolean,int,float,},{,if,for,while,break,continue,return,;,+,-,!,id,(,intliteral,floatliteral,boolliteral,stringliteral,else}",COMPOUNDSTMT,COMPOUNDSTMT,,,,,,,,COMPOUNDSTMT -> { VARDECLLST STMTLST },,,,,,,,,,,,,,,,,,,,,,,,,,,,,,
"{void,boolean,int,float,''}","{$,void,boolean,int,float,{,if,for,while,break,continue,return,;,+,-,!,id,(,intliteral,floatliteral,boolliteral,stringliteral,},else}",VARDECLLST,VARDECLLST -> '',,VARDECLLST -> '',,,,,VARDECLLST -> '',VARDECLLST -> '',VARDECLLST -> '',VARDECLLST -> TYPE IDENTIFIER DECLARATOR INITDECLARATOR INITDECLARATORLIST ; VARDECLLST,VARDECLLST -> TYPE IDENTIFIER DECLARATOR INITDECLARATOR INITDECLARATORLIST ; VARDECLLST,VARDECLLST -> TYPE IDENTIFIER DECLARATOR INITDECLARATOR INITDECLARATORLIST ; VARDECLLST,VARDECLLST -> TYPE IDENTIFIER DECLARATOR INITDECLARATOR INITDECLARATORLIST ; VARDECLLST,VARDECLLST -> '',VARDECLLST -> '',VARDECLLST -> '',VARDECLLST -> '',VARDECLLST -> '',VARDECLLST -> '',VARDECLLST -> '',VARDECLLST -> '',,,,,,,,,VARDECLLST -> '',VARDECLLST -> '',,,VARDECLLST -> '',VARDECLLST -> '',VARDECLLST -> '',VARDECLLST -> '',VARDECLLST -> ''
"{'',{,if,for,while,break,continue,return,;,+,-,!,id,(,intliteral,floatliteral,boolliteral,stringliteral}",{}},STMTLST,STMTLST -> STMT STMTLST,,STMTLST -> STMT STMTLST,,,,,STMTLST -> STMT STMTLST,STMTLST -> STMT STMTLST,STMTLST -> '',,,,,STMTLST -> STMT STMTLST,STMTLST -> STMT STMTLST,,STMTLST -> STMT STMTLST,STMTLST -> STMT STMTLST,STMTLST -> STMT STMTLST,STMTLST -> STMT STMTLST,STMTLST -> STMT STMTLST,,,,,,,,,STMTLST -> STMT STMTLST,STMTLST -> STMT STMTLST,,,STMTLST -> STMT STMTLST,STMTLST -> STMT STMTLST,STMTLST -> STMT STMTLST,STMTLST -> STMT STMTLST,
"{{,if,for,while,break,continue,return,;,+,-,!,id,(,intliteral,floatliteral,boolliteral,stringliteral}","{},{,if,for,while,break,continue,return,;,+,-,!,id,(,intliteral,floatliteral,boolliteral,stringliteral,else}",STMT,STMT -> EXPRSTMT,,STMT -> EXPRSTMT,,,,,STMT -> EXPRSTMT,STMT -> COMPOUNDSTMT,,,,,,STMT -> EXPRSTMT,STMT -> IFSTMT,,STMT -> FORSTMT,STMT -> WHILESTMT,STMT -> BREAKSTMT,STMT -> CONTINUESTMT,STMT -> RETURNSTMT,,,,,,,,,STMT -> EXPRSTMT,STMT -> EXPRSTMT,,,STMT -> EXPRSTMT,STMT -> EXPRSTMT,STMT -> EXPRSTMT,STMT -> EXPRSTMT,
{if},"{},{,if,for,while,break,continue,return,;,+,-,!,id,(,intliteral,floatliteral,boolliteral,stringliteral,else}",IFSTMT,,,,,,,,,,,,,,,,IFSTMT -> if ( EXPR ) STMT ELSESTMT,,,,,,,,,,,,,,,,,,,,,,,
"{else,''}","{},{,if,for,while,break,continue,return,;,+,-,!,id,(,intliteral,floatliteral,boolliteral,stringliteral,else}",ELSESTMT,ELSESTMT -> '',,ELSESTMT -> '',,,,,ELSESTMT -> '',ELSESTMT -> '',ELSESTMT -> '',,,,,ELSESTMT -> '',ELSESTMT -> '',ELSESTMT -> else STMT,ELSESTMT -> '',ELSESTMT -> '',ELSESTMT -> '',ELSESTMT -> '',ELSESTMT -> '',,,,,,,,,ELSESTMT -> '',ELSESTMT -> '',,,ELSESTMT -> '',ELSESTMT -> '',ELSESTMT -> '',ELSESTMT -> '',
{for},"{},{,if,for,while,break,continue,return,;,+,-,!,id,(,intliteral,floatliteral,boolliteral,stringliteral,else}",FORSTMT,,,,,,,,,,,,,,,,,,FORSTMT -> for ( MAYBESTMT ; MAYBESTMT ; MAYBESTMT ) STMT,,,,,,,,,,,,,,,,,,,,,
"{'',+,-,!,id,(,intliteral,floatliteral,boolliteral,stringliteral}","{;,)}",MAYBESTMT,MAYBESTMT -> EXPR,MAYBESTMT -> '',MAYBESTMT -> '',,,,,MAYBESTMT -> EXPR,,,,,,,MAYBESTMT -> EXPR,,,,,,,,,,,,,,,,MAYBESTMT -> EXPR,MAYBESTMT -> EXPR,,,MAYBESTMT -> EXPR,MAYBESTMT -> EXPR,MAYBESTMT -> EXPR,MAYBESTMT -> EXPR,
{while},"{},{,if,for,while,break,continue,return,;,+,-,!,id,(,intliteral,floatliteral,boolliteral,stringliteral,else}",WHILESTMT,,,,,,,,,,,,,,,,,,,WHILESTMT -> while ( EXPR ) STMT,,,,,,,,,,,,,,,,,,,,
{break},"{},{,if,for,while,break,continue,return,;,+,-,!,id,(,intliteral,floatliteral,boolliteral,stringliteral,else}",BREAKSTMT,,,,,,,,,,,,,,,,,,,,BREAKSTMT -> break ;,,,,,,,,,,,,,,,,,,,
{continue},"{},{,if,for,while,break,continue,return,;,+,-,!,id,(,intliteral,floatliteral,boolliteral,stringliteral,else}",CONTINUESTMT,,,,,,,,,,,,,,,,,,,,,CONTINUESTMT -> continue ;,,,,,,,,,,,,,,,,,,
{return},"{},{,if,for,while,break,continue,return,;,+,-,!,id,(,intliteral,floatliteral,boolliteral,stringliteral,else}",RETURNSTMT,,,,,,,,,,,,,,,,,,,,,,RETURNSTMT -> return MAYBESTMT ;,,,,,,,,,,,,,,,,,
"{;,+,-,!,id,(,intliteral,floatliteral,boolliteral,stringliteral}","{},{,if,for,while,break,continue,return,;,+,-,!,id,(,intliteral,floatliteral,boolliteral,stringliteral,else}",EXPRSTMT,EXPRSTMT -> EXPR ;,,EXPRSTMT -> ;,,,,,EXPRSTMT -> EXPR ;,,,,,,,EXPRSTMT -> EXPR ;,,,,,,,,,,,,,,,,EXPRSTMT -> EXPR ;,EXPRSTMT -> EXPR ;,,,EXPRSTMT -> EXPR ;,EXPRSTMT -> EXPR ;,EXPRSTMT -> EXPR ;,EXPRSTMT -> EXPR ;,
"{+,-,!,id,(,intliteral,floatliteral,boolliteral,stringliteral}","{,,$,void,boolean,int,float,;,},),],{,if,for,while,break,continue,return,+,-,!,id,(,intliteral,floatliteral,boolliteral,stringliteral,else}",EXPR,EXPR -> CONDOREXPR SUBEXPR,,,,,,,EXPR -> CONDOREXPR SUBEXPR,,,,,,,EXPR -> CONDOREXPR SUBEXPR,,,,,,,,,,,,,,,,EXPR -> CONDOREXPR SUBEXPR,EXPR -> CONDOREXPR SUBEXPR,,,EXPR -> CONDOREXPR SUBEXPR,EXPR -> CONDOREXPR SUBEXPR,EXPR -> CONDOREXPR SUBEXPR,EXPR -> CONDOREXPR SUBEXPR,
"{=,''}","{,,$,void,boolean,int,float,;,},),],{,if,for,while,break,continue,return,+,-,!,id,(,intliteral,floatliteral,boolliteral,stringliteral,else}",SUBEXPR,SUBEXPR -> '',SUBEXPR -> '',SUBEXPR -> '',SUBEXPR -> '',SUBEXPR -> = CONDOREXPR SUBEXPR,,SUBEXPR -> '',SUBEXPR -> '',SUBEXPR -> '',SUBEXPR -> '',SUBEXPR -> '',SUBEXPR -> '',SUBEXPR -> '',SUBEXPR -> '',SUBEXPR -> '',SUBEXPR -> '',SUBEXPR -> '',SUBEXPR -> '',SUBEXPR -> '',SUBEXPR -> '',SUBEXPR -> '',SUBEXPR -> '',,,,,,,,,SUBEXPR -> '',SUBEXPR -> '',,,SUBEXPR -> '',SUBEXPR -> '',SUBEXPR -> '',SUBEXPR -> '',SUBEXPR -> ''
"{+,-,!,id,(,intliteral,floatliteral,boolliteral,stringliteral}","{=,,,$,void,boolean,int,float,;,},),],{,if,for,while,break,continue,return,+,-,!,id,(,intliteral,floatliteral,boolliteral,stringliteral,else}",CONDOREXPR,CONDOREXPR -> CONDANDEXPR SUBCONDOREXPR,,,,,,,CONDOREXPR -> CONDANDEXPR SUBCONDOREXPR,,,,,,,CONDOREXPR -> CONDANDEXPR SUBCONDOREXPR,,,,,,,,,,,,,,,,CONDOREXPR -> CONDANDEXPR SUBCONDOREXPR,CONDOREXPR -> CONDANDEXPR SUBCONDOREXPR,,,CONDOREXPR -> CONDANDEXPR SUBCONDOREXPR,CONDOREXPR -> CONDANDEXPR SUBCONDOREXPR,CONDOREXPR -> CONDANDEXPR SUBCONDOREXPR,CONDOREXPR -> CONDANDEXPR SUBCONDOREXPR,
"{||,''}","{=,,,$,void,boolean,int,float,;,},),],{,if,for,while,break,continue,return,+,-,!,id,(,intliteral,floatliteral,boolliteral,stringliteral,else}",SUBCONDOREXPR,SUBCONDOREXPR -> '',SUBCONDOREXPR -> '',SUBCONDOREXPR -> '',SUBCONDOREXPR -> '',SUBCONDOREXPR -> '',,SUBCONDOREXPR -> '',SUBCONDOREXPR -> '',SUBCONDOREXPR -> '',SUBCONDOREXPR -> '',SUBCONDOREXPR -> '',SUBCONDOREXPR -> '',SUBCONDOREXPR -> '',SUBCONDOREXPR -> '',SUBCONDOREXPR -> '',SUBCONDOREXPR -> '',SUBCONDOREXPR -> '',SUBCONDOREXPR -> '',SUBCONDOREXPR -> '',SUBCONDOREXPR -> '',SUBCONDOREXPR -> '',SUBCONDOREXPR -> '',SUBCONDOREXPR -> || CONDANDEXPR SUBCONDOREXPR,,,,,,,,SUBCONDOREXPR -> '',SUBCONDOREXPR -> '',,,SUBCONDOREXPR -> '',SUBCONDOREXPR -> '',SUBCONDOREXPR -> '',SUBCONDOREXPR -> '',SUBCONDOREXPR -> ''
"{+,-,!,id,(,intliteral,floatliteral,boolliteral,stringliteral}","{||,=,,,$,void,boolean,int,float,;,},),],{,if,for,while,break,continue,return,+,-,!,id,(,intliteral,floatliteral,boolliteral,stringliteral,else}",CONDANDEXPR,CONDANDEXPR -> EQUALITYEXPR SUBCONDANDEXPR,,,,,,,CONDANDEXPR -> EQUALITYEXPR SUBCONDANDEXPR,,,,,,,CONDANDEXPR -> EQUALITYEXPR SUBCONDANDEXPR,,,,,,,,,,,,,,,,CONDANDEXPR -> EQUALITYEXPR SUBCONDANDEXPR,CONDANDEXPR -> EQUALITYEXPR SUBCONDANDEXPR,,,CONDANDEXPR -> EQUALITYEXPR SUBCONDANDEXPR,CONDANDEXPR -> EQUALITYEXPR SUBCONDANDEXPR,CONDANDEXPR -> EQUALITYEXPR SUBCONDANDEXPR,CONDANDEXPR -> EQUALITYEXPR SUBCONDANDEXPR,
"{&&,''}","{||,=,,,$,void,boolean,int,float,;,},),],{,if,for,while,break,continue,return,+,-,!,id,(,intliteral,floatliteral,boolliteral,stringliteral,else}",SUBCONDANDEXPR,SUBCONDANDEXPR -> '',SUBCONDANDEXPR -> '',SUBCONDANDEXPR -> '',SUBCONDANDEXPR -> '',SUBCONDANDEXPR -> '',,SUBCONDANDEXPR -> '',SUBCONDANDEXPR -> '',SUBCONDANDEXPR -> '',SUBCONDANDEXPR -> '',SUBCONDANDEXPR -> '',SUBCONDANDEXPR -> '',SUBCONDANDEXPR -> '',SUBCONDANDEXPR -> '',SUBCONDANDEXPR -> '',SUBCONDANDEXPR -> '',SUBCONDANDEXPR -> '',SUBCONDANDEXPR -> '',SUBCONDANDEXPR -> '',SUBCONDANDEXPR -> '',SUBCONDANDEXPR -> '',SUBCONDANDEXPR -> '',SUBCONDANDEXPR -> '',SUBCONDANDEXPR -> && EQUALITYEXPR SUBCONDANDEXPR,,,,,,,SUBCONDANDEXPR -> '',SUBCONDANDEXPR -> '',,,SUBCONDANDEXPR -> '',SUBCONDANDEXPR -> '',SUBCONDANDEXPR -> '',SUBCONDANDEXPR -> '',SUBCONDANDEXPR -> ''
"{+,-,!,id,(,intliteral,floatliteral,boolliteral,stringliteral}","{&&,||,=,,,$,void,boolean,int,float,;,},),],{,if,for,while,break,continue,return,+,-,!,id,(,intliteral,floatliteral,boolliteral,stringliteral,else}",EQUALITYEXPR,EQUALITYEXPR -> RELEXPR SUBEQUALITYEXPR,,,,,,,EQUALITYEXPR -> RELEXPR SUBEQUALITYEXPR,,,,,,,EQUALITYEXPR -> RELEXPR SUBEQUALITYEXPR,,,,,,,,,,,,,,,,EQUALITYEXPR -> RELEXPR SUBEQUALITYEXPR,EQUALITYEXPR -> RELEXPR SUBEQUALITYEXPR,,,EQUALITYEXPR -> RELEXPR SUBEQUALITYEXPR,EQUALITYEXPR -> RELEXPR SUBEQUALITYEXPR,EQUALITYEXPR -> RELEXPR SUBEQUALITYEXPR,EQUALITYEXPR -> RELEXPR SUBEQUALITYEXPR,
"{==,!=,''}","{&&,||,=,,,$,void,boolean,int,float,;,},),],{,if,for,while,break,continue,return,+,-,!,id,(,intliteral,floatliteral,boolliteral,stringliteral,else}",SUBEQUALITYEXPR,SUBEQUALITYEXPR -> '',SUBEQUALITYEXPR -> '',SUBEQUALITYEXPR -> '',SUBEQUALITYEXPR -> '',SUBEQUALITYEXPR -> '',,SUBEQUALITYEXPR -> '',SUBEQUALITYEXPR -> '',SUBEQUALITYEXPR -> '',SUBEQUALITYEXPR -> '',SUBEQUALITYEXPR -> '',SUBEQUALITYEXPR -> '',SUBEQUALITYEXPR -> '',SUBEQUALITYEXPR -> '',SUBEQUALITYEXPR -> '',SUBEQUALITYEXPR -> '',SUBEQUALITYEXPR -> '',SUBEQUALITYEXPR -> '',SUBEQUALITYEXPR -> '',SUBEQUALITYEXPR -> '',SUBEQUALITYEXPR -> '',SUBEQUALITYEXPR -> '',SUBEQUALITYEXPR -> '',SUBEQUALITYEXPR -> '',SUBEQUALITYEXPR -> == RELEXPR SUBEQUALITYEXPR,SUBEQUALITYEXPR -> != RELEXPR SUBEQUALITYEXPR,,,,,SUBEQUALITYEXPR -> '',SUBEQUALITYEXPR -> '',,,SUBEQUALITYEXPR -> '',SUBEQUALITYEXPR -> '',SUBEQUALITYEXPR -> '',SUBEQUALITYEXPR -> '',SUBEQUALITYEXPR -> ''
"{+,-,!,id,(,intliteral,floatliteral,boolliteral,stringliteral}","{==,!=,&&,||,=,,,$,void,boolean,int,float,;,},),],{,if,for,while,break,continue,return,+,-,!,id,(,intliteral,floatliteral,boolliteral,stringliteral,else}",RELEXPR,RELEXPR -> ADDITIVEEXPR SUBRELEXPR,,,,,,,RELEXPR -> ADDITIVEEXPR SUBRELEXPR,,,,,,,RELEXPR -> ADDITIVEEXPR SUBRELEXPR,,,,,,,,,,,,,,,,RELEXPR -> ADDITIVEEXPR SUBRELEXPR,RELEXPR -> ADDITIVEEXPR SUBRELEXPR,,,RELEXPR -> ADDITIVEEXPR SUBRELEXPR,RELEXPR -> ADDITIVEEXPR SUBRELEXPR,RELEXPR -> ADDITIVEEXPR SUBRELEXPR,RELEXPR -> ADDITIVEEXPR SUBRELEXPR,
"{<,<=,>,>=,''}","{==,!=,&&,||,=,,,$,void,boolean,int,float,;,},),],{,if,for,while,break,continue,return,+,-,!,id,(,intliteral,floatliteral,boolliteral,stringliteral,else}",SUBRELEXPR,SUBRELEXPR -> '',SUBRELEXPR -> '',SUBRELEXPR -> '',SUBRELEXPR -> '',SUBRELEXPR -> '',,SUBRELEXPR -> '',SUBRELEXPR -> '',SUBRELEXPR -> '',SUBRELEXPR -> '',SUBRELEXPR -> '',SUBRELEXPR -> '',SUBRELEXPR -> '',SUBRELEXPR -> '',SUBRELEXPR -> '',SUBRELEXPR -> '',SUBRELEXPR -> '',SUBRELEXPR -> '',SUBRELEXPR -> '',SUBRELEXPR -> '',SUBRELEXPR -> '',SUBRELEXPR -> '',SUBRELEXPR -> '',SUBRELEXPR -> '',SUBRELEXPR -> '',SUBRELEXPR -> '',SUBRELEXPR -> < ADDITIVEEXPR SUBRELEXPR,SUBRELEXPR -> <= ADDITIVEEXPR SUBRELEXPR,SUBRELEXPR -> > ADDITIVEEXPR SUBRELEXPR,SUBRELEXPR -> >= ADDITIVEEXPR SUBRELEXPR,SUBRELEXPR -> '',SUBRELEXPR -> '',,,SUBRELEXPR -> '',SUBRELEXPR -> '',SUBRELEXPR -> '',SUBRELEXPR -> '',SUBRELEXPR -> ''
"{+,-,!,id,(,intliteral,floatliteral,boolliteral,stringliteral}","{<,<=,>,>=,==,!=,&&,||,=,,,$,void,boolean,int,float,;,},),],{,if,for,while,break,continue,return,+,-,!,id,(,intliteral,floatliteral,boolliteral,stringliteral,else}",ADDITIVEEXPR,ADDITIVEEXPR -> MULTIPLICATIVEEXPR SUBADDITIVEEXPR,,,,,,,ADDITIVEEXPR -> MULTIPLICATIVEEXPR SUBADDITIVEEXPR,,,,,,,ADDITIVEEXPR -> MULTIPLICATIVEEXPR SUBADDITIVEEXPR,,,,,,,,,,,,,,,,ADDITIVEEXPR -> MULTIPLICATIVEEXPR SUBADDITIVEEXPR,ADDITIVEEXPR -> MULTIPLICATIVEEXPR SUBADDITIVEEXPR,,,ADDITIVEEXPR -> MULTIPLICATIVEEXPR SUBADDITIVEEXPR,ADDITIVEEXPR -> MULTIPLICATIVEEXPR SUBADDITIVEEXPR,ADDITIVEEXPR -> MULTIPLICATIVEEXPR SUBADDITIVEEXPR,ADDITIVEEXPR -> MULTIPLICATIVEEXPR SUBADDITIVEEXPR,
"{+,-,''}","{<,<=,>,>=,==,!=,&&,||,=,,,$,void,boolean,int,float,;,},),],{,if,for,while,break,continue,return,+,-,!,id,(,intliteral,floatliteral,boolliteral,stringliteral,else}",SUBADDITIVEEXPR,SUBADDITIVEEXPR -> '',SUBADDITIVEEXPR -> '',SUBADDITIVEEXPR -> '',SUBADDITIVEEXPR -> '',SUBADDITIVEEXPR -> '',,SUBADDITIVEEXPR -> '',SUBADDITIVEEXPR -> '',SUBADDITIVEEXPR -> '',SUBADDITIVEEXPR -> '',SUBADDITIVEEXPR -> '',SUBADDITIVEEXPR -> '',SUBADDITIVEEXPR -> '',SUBADDITIVEEXPR -> '',SUBADDITIVEEXPR -> '',SUBADDITIVEEXPR -> '',SUBADDITIVEEXPR -> '',SUBADDITIVEEXPR -> '',SUBADDITIVEEXPR -> '',SUBADDITIVEEXPR -> '',SUBADDITIVEEXPR -> '',SUBADDITIVEEXPR -> '',SUBADDITIVEEXPR -> '',SUBADDITIVEEXPR -> '',SUBADDITIVEEXPR -> '',SUBADDITIVEEXPR -> '',SUBADDITIVEEXPR -> '',SUBADDITIVEEXPR -> '',SUBADDITIVEEXPR -> '',SUBADDITIVEEXPR -> '',SUBADDITIVEEXPR -> + MULTIPLICATIVEEXPR SUBADDITIVEEXPR,SUBADDITIVEEXPR -> - MULTIPLICATIVEEXPR SUBADDITIVEEXPR,,,SUBADDITIVEEXPR -> '',SUBADDITIVEEXPR -> '',SUBADDITIVEEXPR -> '',SUBADDITIVEEXPR -> '',SUBADDITIVEEXPR -> ''
"{+,-,!,id,(,intliteral,floatliteral,boolliteral,stringliteral}","{+,-,<,<=,>,>=,==,!=,&&,||,=,,,$,void,boolean,int,float,;,},),],{,if,for,while,break,continue,return,!,id,(,intliteral,floatliteral,boolliteral,stringliteral,else}",MULTIPLICATIVEEXPR,MULTIPLICATIVEEXPR -> UNARYEXPR SUBMULTIPLICATIVEEXPR,,,,,,,MULTIPLICATIVEEXPR -> UNARYEXPR SUBMULTIPLICATIVEEXPR,,,,,,,MULTIPLICATIVEEXPR -> UNARYEXPR SUBMULTIPLICATIVEEXPR,,,,,,,,,,,,,,,,MULTIPLICATIVEEXPR -> UNARYEXPR SUBMULTIPLICATIVEEXPR,MULTIPLICATIVEEXPR -> UNARYEXPR SUBMULTIPLICATIVEEXPR,,,MULTIPLICATIVEEXPR -> UNARYEXPR SUBMULTIPLICATIVEEXPR,MULTIPLICATIVEEXPR -> UNARYEXPR SUBMULTIPLICATIVEEXPR,MULTIPLICATIVEEXPR -> UNARYEXPR SUBMULTIPLICATIVEEXPR,MULTIPLICATIVEEXPR -> UNARYEXPR SUBMULTIPLICATIVEEXPR,
"{*,/,''}","{+,-,<,<=,>,>=,==,!=,&&,||,=,,,$,void,boolean,int,float,;,},),],{,if,for,while,break,continue,return,!,id,(,intliteral,floatliteral,boolliteral,stringliteral,else}",SUBMULTIPLICATIVEEXPR,SUBMULTIPLICATIVEEXPR -> '',SUBMULTIPLICATIVEEXPR -> '',SUBMULTIPLICATIVEEXPR -> '',SUBMULTIPLICATIVEEXPR -> '',SUBMULTIPLICATIVEEXPR -> '',,SUBMULTIPLICATIVEEXPR -> '',SUBMULTIPLICATIVEEXPR -> '',SUBMULTIPLICATIVEEXPR -> '',SUBMULTIPLICATIVEEXPR -> '',SUBMULTIPLICATIVEEXPR -> '',SUBMULTIPLICATIVEEXPR -> '',SUBMULTIPLICATIVEEXPR -> '',SUBMULTIPLICATIVEEXPR -> '',SUBMULTIPLICATIVEEXPR -> '',SUBMULTIPLICATIVEEXPR -> '',SUBMULTIPLICATIVEEXPR -> '',SUBMULTIPLICATIVEEXPR -> '',SUBMULTIPLICATIVEEXPR -> '',SUBMULTIPLICATIVEEXPR -> '',SUBMULTIPLICATIVEEXPR -> '',SUBMULTIPLICATIVEEXPR -> '',SUBMULTIPLICATIVEEXPR -> '',SUBMULTIPLICATIVEEXPR -> '',SUBMULTIPLICATIVEEXPR -> '',SUBMULTIPLICATIVEEXPR -> '',SUBMULTIPLICATIVEEXPR -> '',SUBMULTIPLICATIVEEXPR -> '',SUBMULTIPLICATIVEEXPR -> '',SUBMULTIPLICATIVEEXPR -> '',SUBMULTIPLICATIVEEXPR -> '',SUBMULTIPLICATIVEEXPR -> '',SUBMULTIPLICATIVEEXPR -> * UNARYEXPR SUBMULTIPLICATIVEEXPR,SUBMULTIPLICATIVEEXPR -> / UNARYEXPR SUBMULTIPLICATIVEEXPR,SUBMULTIPLICATIVEEXPR -> '',SUBMULTIPLICATIVEEXPR -> '',SUBMULTIPLICATIVEEXPR -> '',SUBMULTIPLICATIVEEXPR -> '',SUBMULTIPLICATIVEEXPR -> ''
"{+,-,!,id,(,intliteral,floatliteral,boolliteral,stringliteral}","{*,/,+,-,<,<=,>,>=,==,!=,&&,||,=,,,$,void,boolean,int,float,;,},),],{,if,for,while,break,continue,return,!,id,(,intliteral,floatliteral,boolliteral,stringliteral,else}",UNARYEXPR,UNARYEXPR -> PRIMARYEXPR,,,,,,,UNARYEXPR -> PRIMARYEXPR,,,,,,,UNARYEXPR -> PRIMARYEXPR,,,,,,,,,,,,,,,,UNARYEXPR -> + UNARYEXPR,UNARYEXPR -> - UNARYEXPR,,,UNARYEXPR -> ! UNARYEXPR,UNARYEXPR -> PRIMARYEXPR,UNARYEXPR -> PRIMARYEXPR,UNARYEXPR -> PRIMARYEXPR,
"{id,(,intliteral,floatliteral,boolliteral,stringliteral}","{*,/,+,-,<,<=,>,>=,==,!=,&&,||,=,,,$,void,boolean,int,float,;,},),],{,if,for,while,break,continue,return,!,id,(,intliteral,floatliteral,boolliteral,stringliteral,else}",PRIMARYEXPR,PRIMARYEXPR -> ( EXPR ),,,,,,,PRIMARYEXPR -> intliteral,,,,,,,PRIMARYEXPR -> IDENTIFIER SUBPRIMARYEXPR,,,,,,,,,,,,,,,,,,,,,PRIMARYEXPR -> floatliteral,PRIMARYEXPR -> boolliteral,PRIMARYEXPR -> stringliteral,
"{[,(,''}","{*,/,+,-,<,<=,>,>=,==,!=,&&,||,=,,,$,void,boolean,int,float,;,},),],{,if,for,while,break,continue,return,!,id,(,intliteral,floatliteral,boolliteral,stringliteral,else}",SUBPRIMARYEXPR,SUBPRIMARYEXPR -> ( ARGLIST ),SUBPRIMARYEXPR -> '',SUBPRIMARYEXPR -> '',SUBPRIMARYEXPR -> '',SUBPRIMARYEXPR -> '',SUBPRIMARYEXPR -> [ EXPR ],SUBPRIMARYEXPR -> '',SUBPRIMARYEXPR -> '',SUBPRIMARYEXPR -> '',SUBPRIMARYEXPR -> '',SUBPRIMARYEXPR -> '',SUBPRIMARYEXPR -> '',SUBPRIMARYEXPR -> '',SUBPRIMARYEXPR -> '',SUBPRIMARYEXPR -> '',SUBPRIMARYEXPR -> '',SUBPRIMARYEXPR -> '',SUBPRIMARYEXPR -> '',SUBPRIMARYEXPR -> '',SUBPRIMARYEXPR -> '',SUBPRIMARYEXPR -> '',SUBPRIMARYEXPR -> '',SUBPRIMARYEXPR -> '',SUBPRIMARYEXPR -> '',SUBPRIMARYEXPR -> '',SUBPRIMARYEXPR -> '',SUBPRIMARYEXPR -> '',SUBPRIMARYEXPR -> '',SUBPRIMARYEXPR -> '',SUBPRIMARYEXPR -> '',SUBPRIMARYEXPR -> '',SUBPRIMARYEXPR -> '',SUBPRIMARYEXPR -> '',SUBPRIMARYEXPR -> '',SUBPRIMARYEXPR -> '',SUBPRIMARYEXPR -> '',SUBPRIMARYEXPR -> '',SUBPRIMARYEXPR -> '',SUBPRIMARYEXPR -> ''
"{'',void,boolean,int,float}",{)},PARALIST,,PARALIST -> '',,,,,,,,,PARALIST -> PROPERPARALIST,PARALIST -> PROPERPARALIST,PARALIST -> PROPERPARALIST,PARALIST -> PROPERPARALIST,,,,,,,,,,,,,,,,,,,,,,,,,
"{void,boolean,int,float}",{)},PROPERPARALIST,,,,,,,,,,,PROPERPARALIST -> PARADECL SUBPROPERPARALIST,PROPERPARALIST -> PARADECL SUBPROPERPARALIST,PROPERPARALIST -> PARADECL SUBPROPERPARALIST,PROPERPARALIST -> PARADECL SUBPROPERPARALIST,,,,,,,,,,,,,,,,,,,,,,,,,
"{,,''}",{)},SUBPROPERPARALIST,,SUBPROPERPARALIST -> '',,"SUBPROPERPARALIST -> , PARADECL SUBPROPERPARALIST",,,,,,,,,,,,,,,,,,,,,,,,,,,,,,,,,,,
"{void,boolean,int,float}","{,,)}",PARADECL,,,,,,,,,,,PARADECL -> TYPE DECLARATOR,PARADECL -> TYPE DECLARATOR,PARADECL -> TYPE DECLARATOR,PARADECL -> TYPE DECLARATOR,,,,,,,,,,,,,,,,,,,,,,,,,
"{'',+,-,!,id,(,intliteral,floatliteral,boolliteral,stringliteral}",{)},ARGLIST,ARGLIST -> PROPERARGLIST,ARGLIST -> '',,,,,,ARGLIST -> PROPERARGLIST,,,,,,,ARGLIST -> PROPERARGLIST,,,,,,,,,,,,,,,,ARGLIST -> PROPERARGLIST,ARGLIST -> PROPERARGLIST,,,ARGLIST -> PROPERARGLIST,ARGLIST -> PROPERARGLIST,ARGLIST -> PROPERARGLIST,ARGLIST -> PROPERARGLIST,
"{+,-,!,id,(,intliteral,floatliteral,boolliteral,stringliteral}",{)},PROPERARGLIST,PROPERARGLIST -> EXPR SUBPROPERARGLIST,,,,,,,PROPERARGLIST -> EXPR SUBPROPERARGLIST,,,,,,,PROPERARGLIST -> EXPR SUBPROPERARGLIST,,,,,,,,,,,,,,,,PROPERARGLIST -> EXPR SUBPROPERARGLIST,PROPERARGLIST -> EXPR SUBPROPERARGLIST,,,PROPERARGLIST -> EXPR SUBPROPERARGLIST,PROPERARGLIST -> EXPR SUBPROPERARGLIST,PROPERARGLIST -> EXPR SUBPROPERARGLIST,PROPERARGLIST -> EXPR SUBPROPERARGLIST,
"{,,''}",{)},SUBPROPERARGLIST,,SUBPROPERARGLIST -> '',,"SUBPROPERARGLIST -> , EXPR SUBPROPERARGLIST",,,,,,,,,,,,,,,,,,,,,,,,,,,,,,,,,,,